{
  "project": "Quantum Galton Board",
  "team": "Quantum Walks by Abhipsa",
  "results": {
    "3_levels": {
      "clean_js": 0.0071730602658489065,
      "noisy_js": 0.0071730602658489065,
      "clean_emd": 0.007202148437499903,
      "noisy_emd": 0.007202148437499903
    },
    "4_levels": {
      "clean_js": 0.008504916922158495,
      "noisy_js": 0.008504916922158495,
      "clean_emd": 0.014282226562500014,
      "noisy_emd": 0.014282226562500014
    },
    "5_levels": {
      "clean_js": 0.008179660249680785,
      "noisy_js": 0.008179660249680785,
      "clean_emd": 0.017944335937500427,
      "noisy_emd": 0.017944335937500427
    },
    "6_levels": {
      "clean_js": 0.011350250858635455,
      "noisy_js": 0.011350250858635455,
      "clean_emd": 0.027709960937499802,
      "noisy_emd": 0.027709960937499802
    }
  }
}